date,jd,lon,lat,h,x_ecl,y_ecl,z_ecl,vx_ecl,vy_ecl,vz_ecl,x_earth,y_earth,z_earth,vx_earth,vy_earth,vz_earth,vx_surface,vy_surface,vz_surface,v_speed,z_impact,e,q,tp,node,peri,i
2032-12-22 13:56:27.140,2463589.0808696803,-95.89538436370687,6.883161005435063,0.3046138806442575,-5779099.603096526,-2061461.8453557498,1741555.175238798,-4391.988180972493,16308.619445492204,-3921.3504281423325,-650454.4609233532,-6299280.676019408,759344.157653432,-4391.988180972493,16308.619445492204,-3921.3504281423325,-4851.339026083142,16356.051338385718,-3921.3504281423325,17505.224788907984,22.896805690962665,0.6615536210845463,0.8514991330673174,2460636.9176274934,271.3656265022345,134.36133570662395,3.4081946636346325
2032-12-22 13:55:45.824,2463589.080391485,-87.66810194360187,5.605868677413778,0.20237000798365115,-5373362.418152676,-2845153.0277748895,1926839.9421064553,-4815.8441265616575,16210.688805327152,-3828.814644160147,258289.33807303,-6342780.2512280885,618915.9015873971,-4815.8441265616575,16210.688805327152,-3828.814644160147,-5278.367011094225,16191.854047546223,-3828.814644160147,17455.575538497207,17.061237922150966,0.6615543752258563,0.85149902523733,2460636.9176312066,271.36562307990584,134.36133138248937,3.408198171229591
2032-12-22 13:55:40.843,2463589.080333827,-86.61026543966447,5.437701653950559,0.19044560846729286,-5312914.200578309,-2942237.301045388,1948541.4936304279,-4868.057299910329,16197.810302661477,-3817.2906484915143,375448.81069749093,-6338705.313520793,600403.8054993497,-4868.057299910329,16197.810302661477,-3817.2906484915143,-5330.283035264142,16170.432140398249,-3817.2906484915143,17448.96847204184,16.34725283915249,0.6615523475146039,0.8514993195226542,2460636.9176072855,271.36561986300245,134.36134232844833,3.408190997549279
2032-12-22 13:55:36.070,2463589.080278586,-85.3358215350932,5.251339280573063,0.17765035004885765,-5237209.899903853,-3057480.9217755427,1975873.0900785732,-4930.569219701786,16181.9132655005,-3804.4968245843643,516492.7275065046,-6330687.374106731,579882.940365996,-4930.569219701786,16181.9132655005,-3804.4968245843643,-5392.210277624108,16144.250017413015,-3804.4968245843643,17440.955718971585,15.499281808348096,0.6615539387962379,0.8514991307469728,2460636.917627557,271.36561233715145,134.36134905231813,3.408195912160418
2032-12-22 13:55:32.105,2463589.0802327017,-84.4117009427123,5.118719681037273,0.16881373083868895,-5180793.1473206,-3139784.123433978,1995437.1986301239,-4975.34011295307,16170.334258669698,-3795.453556956539,618656.6516295389,-6322844.163318613,565276.237384225,-4975.34011295307,16170.334258669698,-3795.453556956539,-5436.409234857742,16125.221098870168,-3795.453556956539,17435.101621708665,14.896712788786111,0.6615498154657927,0.8514996627551389,2460636.9175769063,271.3656169365616,134.3613525195553,3.408181324205498
2032-12-22 13:55:17.526,2463589.0800639526,-80.61957201108454,4.559309114454205,0.13400346755887982,-4934914.3529355535,-3469905.1396806124,2070509.6574461402,-5155.5122887368525,16122.565555433734,-3758.137926564057,1036319.8826910728,-6273199.166210033,503631.7231568154,-5155.5122887368525,16122.565555433734,-3758.137926564057,-5612.961239934708,16046.99590892928,-3758.137926564057,17410.772879377917,12.596096846934136,0.66154409255761,0.8515005284641431,2460636.917506996,271.3655932746974,134.36139958300416,3.4081572088553513
2032-12-22 13:55:12.913,2463589.0800105673,-79.35195209435541,4.392565635379631,0.12439951371077941,-4847591.47690734,-3575978.7661486114,2096154.652652943,-5214.469367127683,16106.204272220706,-3746.969848354631,1175108.2084900748,-6250142.9183891555,485248.1724006261,-5214.469367127683,16106.204272220706,-3746.969848354631,-5670.237030021952,16020.514020201728,-3746.969848354631,17402.53546160993,11.896217593238537,0.6615499499974175,0.8514996350990229,2460636.9175805375,271.3656194768394,134.3613509778703,3.4081804564747396
2032-12-22 13:55:07.324,2463589.079945879,-77.67231349227576,4.15153027419583,0.1111442904625235,-4728188.10151447,-3714930.861483352,2127006.71410895,-5291.672363317836,16084.677643196634,-3731.207884322289,1358222.5024083457,-6214940.694470973,458666.96952065965,-5291.672363317836,16084.677643196634,-3731.207884322289,-5744.873039259428,15985.634484712731,-3731.207884322289,17391.549338459627,11.06397037023366,0.6615501638569438,0.8514996934221583,2460636.9175832053,271.3656085327963,134.361369373307,3.4081817336657583
2032-12-22 13:54:58.599,2463589.079844891,-74.68099954789896,3.7580733078116517,0.09110350285484244,-4504837.12730458,-3952916.587020105,2182091.77242584,-5426.703063554277,16045.654872437888,-3705.2916835637816,1681483.3365204148,-6138469.212770978,415260.2842026027,-5426.703063554277,16045.654872437888,-3705.2916835637816,-5874.32735045204,15923.039159407268,-3705.2916835637816,17371.818682929348,9.871764606063227,0.661548177549554,0.8514999100854336,2460636.917559993,271.3656170846993,134.36136210662272,3.408174426816496
2032-12-22 13:54:57.089,2463589.0798274176,-74.30697405048491,3.7079231917202504,0.08869152881472898,-4476168.160038199,-3981837.0873141084,2188498.0246550697,-5443.266927194999,16040.800436666614,-3702.0251202467393,1721616.0160128325,-6127707.097362843,409726.2660681328,-5443.266927194999,16040.800436666614,-3702.0251202467393,-5890.1064281684385,15915.25820215052,-3702.0251202467393,17369.334684069177,9.7575696033018,0.6615506906975465,0.8514995514436454,2460636.917591752,271.3656271934371,134.3613446359181,3.408184002497276
2032-12-22 13:54:49.836,2463589.079743472,-71.26343176996775,3.3107059284549942,0.07072643780185583,-4234094.855041836,-4211623.058133061,2239487.344344497,-5577.110912174471,16000.77070351712,-3676.0809830141297,2045395.2305830834,-6030184.017008629,365883.40012996295,-5577.110912174471,16000.77070351712,-3676.0809830141297,-6016.838917140273,15851.618113550714,-3676.0809830141297,17349.05527013909,9.171503328886033,0.6615481678691123,0.8514999608710689,2460636.917566642,271.3656300989571,134.36135906593333,3.4081757087718194
2032-12-22 13:54:46.964,2463589.079710234,-70.13541304443909,3.1713928428403975,0.06490519922057672,-4141292.77088435,-4293318.86371152,2257817.289128783,-5625.850183225201,15985.818416191341,-3666.8976775700353,2164005.244353334,-5989562.6561639765,350502.6120675851,-5625.850183225201,15985.818416191341,-3666.8976775700353,-6062.6160314951485,15828.016646601718,-3666.8976775700353,17341.498282680524,9.121755360086883,0.6615466170838097,0.8515001511759004,2460636.917548416,271.36562882917303,134.36136363577944,3.4081696848721377
2032-12-22 13:54:46.078,2463589.0796999764,-69.56367905920747,3.1097697715727697,0.06240976152801074,-4093394.905698696,-4333807.795585107,2267787.4079584074,-5650.495729245144,15978.097635310962,-3662.6782615363018,2223793.689014996,-5968018.478024698,343698.5094844457,-5650.495729245144,15978.097635310962,-3662.6782615363018,-6085.690551084539,15815.936023066964,-3662.6782615363018,17337.666331338758,9.126918340239717,0.661544413788584,0.851500475448623,2460636.917519334,271.365613366292,134.36138565865926,3.4081607037138357
2032-12-22 13:54:44.344,2463589.079679908,-68.32716400549047,2.9705800761492442,0.05695278514834361,-3988356.0422857343,-4420197.727183629,2288121.4398131412,-5703.443226606367,15961.448133841042,-3653.2579806571143,2352362.6488326252,-5919393.714827512,328328.50623530755,-5703.443226606367,15961.448133841042,-3653.2579806571143,-6135.092274377786,15789.911124089826,-3653.2579806571143,17329.36653184474,9.229541390090317,0.6615517538269126,0.8514994053710522,2460636.917598321,271.36560845004135,134.36135482499938,3.4081859603338627
2032-12-22 13:54:38.044,2463589.079606995,-64.45361324863026,2.536812329514447,0.04154433752026798,-3647657.324075032,-4676733.831383254,2345930.1582285226,-5865.8902137073965,15909.242543492144,-3623.813362684547,2747858.9606141113,-5749023.2511697,280418.2248926372,-5865.8902137073965,15909.242543492144,-3623.813362684547,-6285.11564988122,15708.865484472037,-3623.813362684547,17303.270119523357,10.26134085941926,0.6615504138691536,0.8514996055656042,2460636.917588815,271.3656191500229,134.3613551648325,3.4081820181466673
2032-12-22 13:54:37.981,2463589.079606264,-64.2880429124733,2.5207286199411296,0.041019545164988805,-3632620.4772200244,-4687156.604109061,2348459.713899215,-5872.764542625799,15906.971310199244,-3622.662577045249,2764494.5059684217,-5741128.866661698,278641.44275966985,-5872.764542625799,15906.971310199244,-3622.662577045249,-6291.414311135029,15705.381167938303,-3622.662577045249,17302.155236030852,10.324710771520817,0.6615496511864785,0.8514997264411452,2460636.9175763335,271.36560357637893,134.36137176866148,3.4081772277354085
2032-12-22 13:54:37.163,2463589.0795967937,-63.65820121216873,2.4575367811596096,0.03898991019395211,-3575366.28698074,-4726395.624873333,2357662.3808062044,-5898.737470870842,15898.38212608476,-3618.193970385654,2827571.1074707275,-5710663.171743947,271660.3796160398,-5898.737470870842,15898.38212608476,-3618.193970385654,-6315.165645609751,15692.192364963035,-3618.193970385654,17297.905825787955,10.581273099744381,0.6615477571807123,0.8514999761179893,2460636.917556559,271.3656151757613,134.36136768150476,3.408172595463732
2032-12-22 13:54:37.641,2463589.0796023314,-63.27169814263152,2.4177057921133938,0.03773700531060115,-3539639.537764171,-4750470.491690082,2363178.7154270504,-5914.78500169501,15893.06330903028,-3615.390402311671,2866112.882406375,-5691625.485741276,267259.92242311407,-5914.78500169501,15893.06330903028,-3615.390402311671,-6329.824926313937,15684.063037026552,-3615.390402311671,17295.304701228455,10.749553336545551,0.6615447794142353,0.8515004289931771,2460636.9175247643,271.3656231145102,134.36137534075417,3.408161965610995
2032-12-22 13:54:35.794,2463589.079580951,-61.88222635419264,2.2776270325942662,0.033492998296482175,-3411230.993235783,-4834195.884693775,2382159.702867627,-5971.481908523201,15874.121632698832,-3605.466052601713,3003580.437617411,-5621008.923359472,251783.29778638226,-5971.481908523201,15874.121632698832,-3605.466052601713,-6381.37239159837,15655.097067302071,-3605.466052601713,17285.929632026367,11.412305043009349,0.6615421214278533,0.8515008017006614,2460636.9174920935,271.3656222616718,134.36138477694422,3.4081527062562422
2032-12-22 13:54:35.224,2463589.0795743517,-61.29954625802091,2.213012888247763,0.03162053194553655,-3356708.4459793502,-4868774.4307838185,2389178.8425326343,-5995.118991988546,15866.224028250528,-3601.0267310816025,3060721.5593003905,-5590417.201675424,244643.90124071646,-5995.118991988546,15866.224028250528,-3601.0267310816025,-6402.778691275584,15643.03266605813,-3601.0267310816025,17281.997554645663,11.719390541251183,0.6615521239576625,0.8514993060943977,2460636.9176052567,271.36562179209244,134.3613378069837,3.4081889880315446
2032-12-22 13:54:35.870,2463589.0795818307,-60.160410373495374,2.120674262545113,0.02903798132295026,-3248315.9662917536,-4933672.893067251,2405815.1961687487,-6041.366653305305,15850.324490578267,-3593.8194306703713,3171446.9804932103,-5528796.725336495,234440.63341903477,-6041.366653305305,15850.324490578267,-3593.8194306703713,-6444.532916065507,15619.058902388324,-3593.8194306703713,17274.331929275635,12.33254188533167,0.6615460386244322,0.8515002226143464,2460636.917537989,271.36562215994667,134.3613682802495,3.408166159585248
2032-12-22 13:54:35.460,2463589.0795770856,-59.82092677937308,2.0870230313348594,0.028124127723411534,-3216013.6851531765,-4952786.728968751,2409935.9296519686,-6054.969048003179,15845.686228037624,-3591.399084627284,3204218.0397681682,-5510025.922440535,230722.0804919866,-6054.969048003179,15845.686228037624,-3591.399084627284,-6456.766522068747,15612.030936237485,-3591.399084627284,17272.04363298118,12.528679936764028,0.6615485386925938,0.8514998372460634,2460636.917567276,271.36562369635806,134.36135469619256,3.4081757149702754
2032-12-22 13:54:34.515,2463589.07956614,-59.76981612715136,2.0714865708500176,0.027707133691487383,-3211520.1065366315,-4955951.9389011515,2409421.211698333,-6056.856543664566,15845.148610189668,-3590.5818076620158,3209163.1505212933,-5507218.904965534,229005.23333642958,-6056.856543664566,15845.148610189668,-3590.5818076620158,-6458.449326763704,15611.132715184109,-3590.5818076620158,17271.691002185617,12.566022066272593,0.661550253976096,0.8514996135729315,2460636.917589227,271.3656321941127,134.36134295262698,3.4081828514954577
2032-12-22 13:54:35.129,2463589.0795732513,-57.423362863585545,1.8802141020659349,0.02282834693470639,-2983580.634980411,-5081789.776625448,2440141.5638286164,-6150.571771513573,15812.452836636656,-3575.523708276086,3432338.310439782,-5371822.448359886,207867.49806829588,-6150.571771513573,15812.452836636656,-3575.523708276086,-6542.291288129516,15562.162750403751,-3575.523708276086,17255.922303871033,13.990523995489108,0.6615496788729485,0.8514996628664163,2460636.9175733076,271.3656138911277,134.36135264337318,3.408179414649974
2032-12-22 13:54:34.923,2463589.0795708625,-57.368747523382375,1.8657550637268363,0.022478712844843048,-2978323.958316315,-5085040.653822012,2439790.880191466,-6152.689446113408,15811.807395835285,-3574.7396446344005,3437485.254961835,-5368591.956714056,206269.52027411968,-6152.689446113408,15811.807395835285,-3574.7396446344005,-6544.173391535756,15561.14198844469,-3574.7396446344005,17255.55298708047,14.031809826043588,0.6615462647761444,0.8515001605034577,2460636.9175382243,271.365624265037,134.36136033095718,3.408168181334613
2032-12-22 13:54:36.275,2463589.0795865115,-54.15655827524247,1.603947477093954,0.01661427984597681,-2657726.772993236,-5242953.269512073,2475593.061186877,-6278.600589412128,15767.017585989812,-3553.7825423541876,3733417.505409765,-5168247.12003918,177333.09695495456,-6278.600589412128,15767.017585989812,-3553.7825423541876,-6655.475157228791,15494.772456035615,-3553.7825423541876,17234.056208308913,16.19611929094782,0.661547932845374,0.851499943814432,2460636.9175612647,271.3656253041617,134.36135811300255,3.4081748182774914
2032-12-22 13:54:36.531,2463589.079589484,-54.081002930421704,1.6007125923842074,0.016547348149269257,-2649979.3229655433,-5246370.818027988,2476657.9130692277,-6281.568700834755,15765.922179774007,-3553.406028815919,3740235.3991038874,-5163327.455203244,176975.5361725539,-6281.568700834755,15765.922179774007,-3553.406028815919,-6658.084520991761,15493.179881112565,-3553.406028815919,17233.554674610998,16.24758435101141,0.6615497949656505,0.8514996945070162,2460636.9175801086,271.3656225496145,134.36135288242542,3.4081807351883002
2032-12-22 13:54:37.584,2463589.079601668,-53.25469082686648,1.542157889035116,0.015359153230657448,-2565723.9945820547,-5283899.013759793,2485579.0445655105,-6313.633250844061,15754.271368496355,-3548.3045636052434,3814414.1943493807,-5108992.522341183,170503.22981352406,-6313.633250844061,15754.271368496355,-3548.3045636052434,-6686.186904745445,15476.119866143605,-3548.3045636052434,17228.05406052976,16.83022348814425,0.6615494942688052,0.8514997253174651,2460636.917577657,271.3656242409817,134.361352236368,3.408179816675335
2032-12-22 13:54:38.885,2463589.079616729,-53.14114951782792,1.5515122950877422,0.015546004614132067,-2553584.0725174225,-5288357.66868139,2488596.621281374,-6318.229001717296,15752.431284190132,-3548.313188531377,3824514.396947803,-5101401.395582667,171537.22469248017,-6318.229001717296,15752.431284190132,-3548.313188531377,-6690.229101860527,15473.54326336202,-3548.313188531377,17227.310673532982,16.90108288710525,0.6615615554288337,0.8514980106952743,2460636.9177129604,271.3656153415102,134.36131146949586,3.4082244422278922
2032-12-22 13:54:37.577,2463589.0796015826,-52.909629832057334,1.5146533600758572,0.014816298302174322,-2530572.1674855896,-5299302.610225564,2488820.5924037243,-6326.896680219608,15749.463503372452,-3546.0425901713875,3845162.082778376,-5085992.164752099,167462.9750504382,-6326.896680219608,15749.463503372452,-3546.0425901713875,-6697.77312139786,15469.069829371598,-3546.0425901713875,17225.756999998684,17.078478062858174,0.661550310381076,0.8514996618964145,2460636.917583322,271.3656002233942,134.36137499026847,3.4081810271275956
2032-12-22 13:54:38.823,2463589.079616005,-51.81060344705871,1.4484373133212738,0.013549430807780054,-2417421.6304266592,-5346274.058050884,2500811.457852517,-6369.171056998491,15733.859947807905,-3539.676049551479,3942122.61027381,-5011452.380802077,160143.53340107668,-6369.171056998491,15733.859947807905,-3539.676049551479,-6734.611970770868,15446.395799805636,-3539.676049551479,17218.462420810745,17.86827745425826,0.6615459008617575,0.8515002532548425,2460636.917537719,271.3656207706718,134.3613720638342,3.4081654859940596
2032-12-22 13:54:39.034,2463589.0796184493,-51.71672359915718,1.4310151014301706,0.013225504074624469,-2407684.8363587107,-5350755.057364248,2500621.0499850377,-6372.773727029405,15732.636417656837,-3538.641050757938,3950358.42942656,-5005024.1796760205,158217.66869068053,-6372.773727029405,15732.636417656837,-3538.641050757938,-6737.74588892809,15444.571704180102,-3538.641050757938,17217.839448532366,17.942565051901017,0.6615439461556639,0.8515005915753849,2460636.9175156723,271.36561185313195,134.3613947016014,3.4081569461624
2032-12-22 13:54:39.515,2463589.0796240205,-51.71172840155712,1.4347882956319367,0.01329532584090816,-2406957.62320375,-5350851.417483676,2501114.8911801893,-6373.045305571611,15732.497908548881,-3538.774296915939,3950788.344337617,-5004671.623733387,158634.76167868078,-6373.045305571611,15732.497908548881,-3538.774296915939,-6737.991758682495,15444.401845178741,-3538.774296915939,17217.810686029356,17.943844552924944,0.6615454141042355,0.8515003284333504,2460636.9175299257,271.36561879458174,134.36137461294135,3.4081646219752946
2032-12-22 13:54:39.460,2463589.0796233774,-51.212616383077574,1.4207009281670562,0.013035581005214495,-2355478.123577727,-5370596.256024408,2507797.8895621467,-6392.051584590203,15725.295027509235,-3536.528242573955,3994258.4790731804,-4970096.3214138355,157077.52541232994,-6392.051584590203,15725.295027509235,-3536.528242573955,-6754.476766597721,15434.029071550585,-3536.528242573955,17214.50672492535,18.300550619616136,0.6615530817665721,0.8514991964800995,2460636.917610278,271.36560996140605,134.36134305109005,3.4081924423473287
2032-12-22 13:54:40.445,2463589.0796347824,-50.950749440429,1.3976702597377746,0.012616453844007792,-2327978.397113391,-5381673.2601810545,2509729.286993835,-6402.146278616321,15721.608356198425,-3534.6851348157884,4016971.401654403,-4951837.266460286,154531.66521710157,-6402.146278616321,15721.608356198425,-3534.6851348157884,-6763.239989182065,15428.686147610435,-3534.6851348157884,17212.77927573073,18.496459211729093,0.6615439057318396,0.8515004760005371,2460636.917512419,271.36562603216765,134.36136727256553,3.408159102804486
2032-12-22 13:54:41.507,2463589.0796470735,-50.305995023896074,1.3629036194323236,0.011996713044455574,-2260618.787364932,-5407222.695232433,2516381.7304107524,-6426.735110823631,15712.399505670444,-3531.0536261509797,4072498.096132378,-4906392.1410596,150688.43988762004,-6426.735110823631,15712.399505670444,-3531.0536261509797,-6784.514910193382,15415.428226189048,-3531.0536261509797,17208.527237220977,18.971766982072563,0.661544871043476,0.8515004458061209,2460636.9175217226,271.36560427195064,134.361393510866,3.4081611596401538
2032-12-22 13:54:41.498,2463589.0796469715,-49.94747877035285,1.3254231936234346,0.011346069642225893,-2223319.8803918567,-5421873.882133037,2518087.3508413,-6440.250220264684,15707.491876710748,-3528.291833488631,4103181.024118158,-4880887.377218878,146545.1636563614,-6440.250220264684,15707.491876710748,-3528.291833488631,-6796.170182705881,15408.283162572028,-3528.291833488631,17206.160595338046,19.24735764558341,0.6615511088571746,0.8514995141082826,2460636.9175879587,271.365605391767,134.36135940557628,3.4081856689954844
2032-12-22 13:54:41.871,2463589.0796512854,-49.46523604484087,1.2917867699180043,0.010777592582132189,-2172820.4660860244,-5440522.599136185,2521943.0329044247,-6458.463665271002,15700.701045278964,-3525.247221602006,4144171.1158136777,-4846243.686293389,142826.77160143526,-6458.463665271002,15700.701045278964,-3525.247221602006,-6811.857369632455,15398.50328616354,-3525.247221602006,17202.984399563295,19.61160963592077,0.6615520302621817,0.8514993504530258,2460636.917602885,271.3656109374304,134.36135097153638,3.40818776471829
2032-12-22 13:54:42.963,2463589.0796639193,-49.150544899452896,1.2786097169164363,0.010558872721248624,-2139399.9128157347,-5452197.615661003,2525300.1333690034,-6470.462014658805,15696.137007480502,-3523.6006209159336,4170747.1994750705,-4823433.827599029,141370.08033254556,-6470.462014658805,15696.137007480502,-3523.6006209159336,-6822.1923976972375,15392.001289553993,-3523.6006209159336,17200.92364219285,19.84591526577874,0.6615535693416229,0.8514990710805734,2460636.917621115,271.3656209588886,134.36132991535771,3.4081938648054138
2032-12-22 13:54:43.534,2463589.0796705293,-48.97124936056434,1.2785974195734802,0.010558669649791623,-2120342.080837913,-5458420.2692679325,2527929.827950521,-6477.28836070321,15693.467166655397,-3522.9639641178996,4185820.7329738154,-4810358.746177889,141368.72088772617,-6477.28836070321,15693.467166655397,-3522.9639641178996,-6828.065293655896,15388.232269202277,-3522.9639641178996,17199.75125162628,19.976310402737386,0.6615534372622702,0.8514991933171848,2460636.917618307,271.3656080674201,134.36135145907727,3.4081940775481305
2032-12-22 13:54:43.707,2463589.0796725317,-48.55913006054917,1.250426546109971,0.010098595760025277,-2076989.4670691455,-5473650.635299774,2530986.9749042992,-6492.740724967685,15687.669433610461,-3520.3671909950995,4220357.481129805,-4780177.823298083,138254.47511709854,-6492.740724967685,15687.669433610461,-3520.3671909950995,-6841.316830056989,15379.916076468251,-3520.3671909950995,17197.046829262934,20.291292555923434,0.661545986963504,0.8515002409554726,2460636.9175387477,271.36562427610113,134.36136820911872,3.4081661247
2032-12-22 13:54:48.499,2463589.079727992,-46.25630336468098,1.1282402875800996,0.00822167527697143,-1831060.7048195251,-5552288.722374446,2549497.642561835,-6579.030680238948,15654.704307948274,-3507.053150895548,4409214.527836502,-4606940.103854273,124746.6143175019,-6579.030680238948,15654.704307948274,-3507.053150895548,-6914.974090116797,15333.179276154373,-3507.053150895548,17182.04513976386,22.06052259294538,0.6615521402432091,0.8514993722952628,2460636.917605401,271.36561416621356,134.3613514900728,3.4081885160075314
2032-12-22 13:54:52.192,2463589.079770737,-44.717967675596,1.055616780351103,0.00719741428923884,-1664828.1902432183,-5599331.074625187,2560560.5254469696,-6636.122496300348,15632.566007642235,-3498.3394510754,4531410.380093014,-4487017.777002616,116717.7228051261,-6636.122496300348,15632.566007642235,-3498.3394510754,-6963.321031164665,15302.13031272822,-3498.3394510754,17172.111425381754,23.261506552009987,0.6615476653764102,0.851500022069028,2460636.9175585387,271.36562026218,134.36136787798944,3.408172106159413
2032-12-22 13:54:54.136,2463589.0797932353,-44.312992192177255,1.0468075373646373,0.007077802004748629,-1620410.3047258349,-5610659.322619973,2564255.0576346586,-6651.2308208212435,15626.58546754154,-3496.4130955975547,4563024.565667444,-4454889.647971589,115743.80449944735,-6651.2308208212435,15626.58546754154,-3496.4130955975547,-6976.086535293638,15293.844429587902,-3496.4130955975547,17169.518494104843,23.57558945630172,0.6615486481787017,0.8514998632787757,2460636.917565666,271.3656141263718,134.36136473083457,3.4081755950326165
2032-12-22 13:54:53.905,2463589.0797905675,-44.13614485057926,1.0296856647646615,0.0068481866527241005,-1601484.1230651545,-5616004.895638269,2564443.2546863323,-6657.63506715318,15624.163067928872,-3495.0624303480245,4576777.585362526,-4440808.091509441,113850.86418837775,-6657.63506715318,15624.163067928872,-3495.0624303480245,-6981.463938213757,15290.419143845107,-3495.0624303480245,17168.37842392444,23.719247714601902,0.6615508539138587,0.8514995148268002,2460636.917593482,271.36562891935864,134.36134071294816,3.4081848189808888
2032-12-22 13:54:54.806,2463589.079800995,-43.609014059394134,1.0134011762590076,0.0066333130587224376,-1544234.935412025,-5630196.984390869,2568433.7585341763,-6676.976978543308,15616.516541349245,-3492.367556297625,4617462.582914741,-4398535.616894243,112050.49336849106,-6676.976978543308,15616.516541349245,-3492.367556297625,-6997.723291778936,15279.805820107182,-3492.367556297625,17165.000096614243,24.133209266772262,0.6615538463577413,0.851499107561943,2460636.9176269216,271.3656164830577,134.36134185310436,3.4081940139562215
2032-12-22 13:55:05.730,2463589.0799274268,-40.22341568981582,0.9113473762189708,0.005364682521971747,-1171226.877211893,-5709971.404827373,2589418.032863602,-6800.682656880893,15567.072868776204,-3474.6383429593648,4869305.024068222,-4118294.0745864348,100767.49763312237,-6800.682656880893,15567.072868776204,-3474.6383429593648,-7100.9934321694245,15211.997504945824,-3474.6383429593648,17143.57277315772,26.828390342474886,0.6615416486939346,0.8515008525950857,2460636.917484726,271.3656121643317,134.36139330491022,3.408149130813269
2032-12-22 13:55:06.364,2463589.0799347735,-40.14925617984905,0.9042860214243197,0.005281877406379792,-1162826.5585424388,-5711739.583571842,2589304.3303126628,-6803.420592274428,15566.010198461918,-3474.048815280172,4874640.75823598,-4111996.0738352737,99986.78751136875,-6803.420592274428,15566.010198461918,-3474.048815280172,-7103.272110051453,15210.545746714155,-3474.048815280172,17143.109162379747,26.88975822761613,0.6615484866701904,0.8514999170033296,2460636.9175650403,271.3656129398693,134.36137099944662,3.4081751542453556
2032-12-22 13:55:17.786,2463589.0800669715,-37.147372617948136,0.8580476991217196,0.004755575128144558,-827619.9276327771,-5762898.818632066,2604740.688122956,-6911.595213891051,15521.623682402782,-3459.317353799736,5083354.336981623,-3851121.7957792515,94874.59898784105,-6911.595213891051,15521.623682402782,-3459.317353799736,-7192.423477068729,15150.939594681684,-3459.317353799736,17124.508828853533,29.31243405254675,0.6615508248890322,0.8514995800036698,2460636.917587468,271.36560195421686,134.3613686040978,3.4081832042201223
2032-12-22 13:55:20.616,2463589.080099721,-36.60953089924212,0.8460298633488548,0.004623304007211657,-766925.9228022356,-5770542.831246071,2606394.3777674017,-6930.919284437393,15513.654482541899,-3456.4542756820397,5119296.496262018,-3803246.526733701,93545.87653372204,-6930.919284437393,15513.654482541899,-3456.4542756820397,-7208.256427528981,15140.34945092424,-3456.4542756820397,17121.221287659224,29.75167915108179,0.6615476963825788,0.8515000147348347,2460636.917559308,271.3656176955085,134.36137109562588,3.4081716510283298
2032-12-22 13:55:20.806,2463589.080101922,-36.302653208253304,0.841444463528466,0.004573327601406926,-732920.1637299145,-5774490.834744961,2607434.6058556396,-6941.71645387184,15509.169910640161,-3454.924388856947,5139599.234839773,-3775777.4111712803,93038.90203624731,-6941.71645387184,15509.169910640161,-3454.924388856947,-7217.050517231471,15134.384379803081,-3454.924388856947,17119.343189988835,30.00276893032868,0.6615520850094627,0.8514994155329229,2460636.917603981,271.36560703689184,134.36136173241206,3.4081884416048043
2032-12-22 13:55:22.300,2463589.0801192075,-36.099173545074635,0.8460208126423223,0.004623205097368303,-709724.394476203,-5776735.819625885,2608878.330797671,-6949.080615375749,15506.045948832838,-3454.1675078451276,5152970.073407767,-3757496.5561571317,93544.87586311903,-6949.080615375749,15506.045948832838,-3454.1675078451276,-7223.081617607931,15130.285400956205,-3454.1675078451276,17118.110805263153,30.166093518386607,0.6615475426209602,0.8515000257635401,2460636.9175563105,271.36561888845915,134.3613678468064,3.4081706161668137
2032-12-22 13:55:26.102,2463589.0801632185,-35.114307086975224,0.8352005033750838,0.00450571111044773,-598928.8564043193,-5787859.7011869745,2612009.933961019,-6984.070054576416,15491.423653192567,-3449.280866157069,5216808.125336733,-3668380.6126419604,92348.55159800872,-6984.070054576416,15491.423653192567,-3449.280866157069,-7251.572618959596,15111.007960607838,-3449.280866157069,17112.142049645194,30.97225027344293,0.6615473569034893,0.8515000433876431,2460636.9175509713,271.3656191101618,134.36136486015494,3.408171489014204
2032-12-22 13:55:34.616,2463589.0802617613,-33.40125068422825,0.8213902546829434,0.0043579467915593655,-404912.17477386666,-5802798.206195367,2616144.242901131,-7044.839083268364,15465.817896550845,-3440.766517444147,5324157.547715001,-3510801.8210094366,90821.64651234588,-7044.839083268364,15465.817896550845,-3440.766517444147,-7300.850819598197,15077.574159713487,-3440.766517444147,17101.887014573927,32.38038976980285,0.6615493941274592,0.8514997662801391,2460636.917571044,271.3656040392844,134.36137024326908,3.4081769255935948
2032-12-22 13:55:36.962,2463589.0802889178,-32.85388313892074,0.823167269403432,0.004376822087147695,-343001.17363299796,-5806135.54215881,2617588.938648615,-7064.115321254208,15457.594953503327,-3438.23653895903,5357451.701327242,-3459777.2414840567,91018.11920594005,-7064.115321254208,15457.594953503327,-3438.23653895903,-7316.406286129035,15066.923368410653,-3438.23653895903,17098.638870714254,32.830659628192976,0.6615553552110253,0.8514988798215616,2460636.917645003,271.36562505215386,134.36132758611268,3.4082010587214793
2032-12-22 13:55:38.558,2463589.080307381,-32.52612827008184,0.8264601774718953,0.0044119068744987,-305824.6154617781,-5807772.207628822,2618565.423975674,-7075.667262522157,15452.63854426024,-3436.7893194518474,5377150.86321866,-3429071.2269637287,91382.19391816063,-7075.667262522157,15452.63854426024,-3436.7893194518474,-7325.719109242814,15060.530473459406,-3436.7893194518474,17096.703174466795,33.09994610208528,0.6615567139246985,0.8514986389259287,2460636.9176616813,271.3656268757985,134.3613169497882,3.4082051895121865
2032-12-22 13:55:46.122,2463589.0803949363,-31.178700053152163,0.8496164052444171,0.004662583077072331,-152421.73463951467,-5811981.815564025,2622644.959031164,-7123.149758355711,15432.107267263775,-3431.0875556660785,5456266.420409485,-3301660.667468367,93942.4141333187,-7123.149758355711,15432.107267263775,-3431.0875556660785,-7363.910679462747,15034.229998370949,-3431.0875556660785,17088.815463737355,34.20727334931962,0.6615559801425737,0.8514988139751322,2460636.9176504626,271.3656135010065,134.36133722770757,3.4082033578342465
2032-12-22 13:55:53.602,2463589.0804815064,-29.728769688969855,0.8548532487211805,0.004720234264933699,12431.072571347391,-5813621.304723877,2623410.8302864716,-7173.818561936604,15410.2054325177,-3424.0828620121015,5538055.098680072,-3162537.4333389727,94521.41282474762,-7173.818561936604,15410.2054325177,-3424.0828620121015,-7404.434455625645,15006.364038446725,-3424.0828620121015,17080.42606927498,35.411870529426096,0.6615476472277128,0.8515000034200993,2460636.9175542966,271.3656187884158,134.3613639725832,3.4081729957217584
2032-12-22 13:55:55.313,2463589.0805013045,-29.301898213106497,0.8611198970954623,0.0047896878002878325,60741.439470360405,-5813145.689283469,2623791.0098681813,-7188.617449546683,15403.738888154496,-3422.173813592435,5561454.085568771,-3121184.7571042804,95214.26835990325,-7188.617449546683,15403.738888154496,-3422.173813592435,-7416.217858174341,14998.191212850019,-3422.173813592435,17077.977063679213,35.76649500697201,0.6615532591100305,0.8514991618607052,2460636.917616817,271.3656172758004,134.36133809725715,3.4081918077240734
2032-12-22 13:55:56.180,2463589.080511348,-29.206335474406227,0.8705014859413178,0.0048946122542091065,71784.29717256948,-5812628.140774828,2624658.5878016595,-7192.011694385802,15402.189792922893,-3422.0254921369683,5566638.53220385,-3111896.959736007,96251.51706941798,-7192.011694385802,15402.189792922893,-3422.0254921369683,-7418.934826068717,14996.264061763193,-3422.0254921369683,17077.43506011429,35.843267293061736,0.6615512683161345,0.8514994772038906,2460636.9175992436,271.36562808853216,134.36134276164455,3.40818777449357
2032-12-22 13:56:03.518,2463589.0805962766,-27.995848830115644,0.8957937502918804,0.005183145437925586,209902.75618726487,-5808859.557602682,2625590.0410692366,-7234.194216370663,15383.617844406834,-3416.743215612554,5631098.525445534,-2993584.8921567975,99047.87198466621,-7234.194216370663,15383.617844406834,-3416.743215612554,-7452.489895011806,14972.991615857947,-3416.743215612554,17070.565830259988,36.848560945380136,0.6615526660516872,0.8514992585716475,2460636.917610486,271.3656193386167,134.36133993586174,3.40819072667124
2032-12-22 13:56:04.278,2463589.0806050696,-27.87108364911004,0.8999800551593585,0.005231699438116917,224136.11387426953,-5808243.0340034645,2625777.4946054667,-7238.534660595414,15381.687944555775,-3416.249581318241,5637597.520393267,-2981312.3631067937,99510.71505754907,-7238.534660595414,15381.687944555775,-3416.249581318241,-7455.935412199534,14970.5878017657,-3416.249581318241,17069.863303586353,36.95193881195828,0.6615560022375054,0.8514987829157554,2460636.917648517,271.3656063850729,134.36134026026426,3.4082016931351404
2032-12-22 13:56:06.968,2463589.0806362075,-27.292198134566007,0.9008670240301994,0.005242015818793616,289767.03546022717,-5805861.154889266,2624622.4311465197,-7258.4912488546115,15372.948764023246,-3413.28830089,5667429.472172938,-2924201.234488873,99608.77937369794,-7258.4912488546115,15372.948764023246,-3413.28830089,-7471.72739079215,14959.673240746719,-3413.28830089,17066.606888811253,37.438082121605206,0.6615530310566177,0.8514992155429211,2460636.917619131,271.36562336512355,134.3613396471982,3.408193013147839
2032-12-22 13:56:23.431,2463589.0808267477,-24.685105090672376,0.9840947683406854,0.006255241031295521,586891.2365413232,-5783670.962405211,2623993.229006274,-7348.611563813126,15332.551962548656,-3402.400328369199,5794438.89665008,-2663319.3112802687,108810.43111398863,-7348.611563813126,15332.551962548656,-3402.400328369199,-7542.823893657934,14910.014764888783,-3402.400328369199,17052.245030330327,39.612758192144774,0.6615484710749785,0.851499847105702,2460636.91756411,271.3656238856707,134.3613524922135,3.408176231125295
2032-12-22 13:56:24.023,2463589.0808336036,-24.675131493800897,0.9798695512920466,0.006201647603429116,588270.1361726983,-5783748.738612744,2623512.9819102967,-7349.020163980981,15332.405988089175,-3402.181995689987,5794909.645549348,-2662313.9410590148,108343.29665915016,-7349.020163980981,15332.405988089175,-3402.181995689987,-7543.159181064454,14909.834462874167,-3402.181995689987,17052.192131013075,39.62211807498738,0.6615464546108712,0.8515001433769521,2460636.91754539,271.3656393547984,134.3613497013541,3.408171280672631
2032-12-22 13:56:41.317,2463589.081033757,-22.052625903635864,1.0897612574037214,0.007670497100014668,886175.5096342902,-5747294.734955709,2619909.881359243,-7439.0122525621555,15291.35431766574,-3391.593370048182,5910453.630922314,-2394295.5130071878,120492.58848530706,-7439.0122525621555,15291.35431766574,-3391.593370048182,-7613.607055351524,14860.357191170482,-3391.593370048182,17038.19631974657,41.81875225516431,0.6615550125896003,0.8514989543976077,2460636.9176327917,271.3656004136109,134.36134852617005,3.4081977028586947
2032-12-22 13:56:44.854,2463589.0810746984,-21.56299251595723,1.116435231427769,0.00805054567217587,941738.0026742637,-5738762.198322174,2619230.718397397,-7455.785989871379,15283.599024671616,-3389.7669796502587,5930646.077255874,-2343678.9217909444,123441.51915522385,-7455.785989871379,15283.599024671616,-3389.7669796502587,-7626.68977218593,14851.129441595167,-3389.7669796502587,17035.638020001115,42.22878479431027,0.6615458326299015,0.8515002497324506,2460636.9175333944,271.3656102391883,134.36137862186865,3.4081641153340003
2032-12-22 13:56:49.791,2463589.08113184,-20.88268652366982,1.141239232131935,0.008412193043206824,1018823.7220239352,-5726722.547949512,2616730.5312196263,-7479.024494363468,15272.92461655159,-3386.7603382927605,5958005.083602952,-2273078.2411179515,126183.69263296202,-7479.024494363468,15272.92461655159,-3386.7603382927605,-7644.779993246868,14838.45998303474,-3386.7603382927605,17032.107955338466,42.802631772295804,0.661543880748693,0.8515005944497446,2460636.9175089393,271.36559471037566,134.36140636468434,3.4081561572882157
2032-12-22 13:56:56.691,2463589.0812117006,-19.84754547238422,1.187332727843809,0.0091053387591911,1135536.2795267766,-5706405.345493569,2613068.499211208,-7514.226229053724,15256.618766427264,-3382.424844661719,5998000.602108947,-2165037.1999540846,131279.4374023825,-7514.226229053724,15256.618766427264,-3382.424844661719,-7672.103250041356,14819.23761336298,-3382.424844661719,17026.795633659087,43.67567683262768,0.6615517388061164,0.8514993693980012,2460636.917599677,271.365615588935,134.36134541111636,3.4081867947197146
2032-12-22 13:57:01.003,2463589.081261603,-19.287395971496174,1.2213903913627546,0.009635110542507102,1198793.9353201112,-5694115.368803192,2611623.0314055667,-7533.328723764863,15247.664532724584,-3380.35121844544,6018805.798688246,-2106269.527050672,135044.5402949634,-7533.328723764863,15247.664532724584,-3380.35121844544,-7686.920337957377,14808.766240621271,-3380.35121844544,17023.955950704072,44.146331367909816,0.6615545382609666,0.8514990149498602,2460636.917634647,271.36561761817853,134.3613389671765,3.4081971489779144
2032-12-22 13:57:17.806,2463589.0814560885,-17.10308155939083,1.3509554193784281,0.011787329144775748,1444220.2495981152,-5640745.265991075,2603238.8107161867,-7607.532126466042,15212.701768826711,-3371.9070876251703,6094406.035262977,-1875242.9119047727,149367.63193582697,-7607.532126466042,15212.701768826711,-3371.9070876251703,-7744.277012219496,14768.29061988351,-3371.9070876251703,17013.112345567682,45.988392159995506,0.6615490494810604,0.8514997910185417,2460636.9175738767,271.365627189836,134.36135246296806,3.408179008164966
2032-12-22 13:57:18.038,2463589.08145877,-17.101405453200265,1.3561732067658163,0.011878540640399293,1444505.655217677,-5640442.963004174,2603735.4289385574,-7607.631502330821,15212.614001976584,-3372.07399477005,6094447.951089699,-1875060.6470188396,149944.4304696978,-7607.631502330821,15212.614001976584,-3372.07399477005,-7744.3630971176235,14768.199796482737,-3372.07399477005,17013.1057727575,45.98840223782325,0.661554779494163,0.851498957561764,2460636.9176367437,271.36561986368315,134.36133283830404,3.408198775138246
2032-12-22 13:57:20.353,2463589.0814855644,-16.84979612978391,1.3757762321868112,0.012224358282198264,1472807.7246864587,-5633470.286559958,2602975.514160466,-7616.213615162776,15208.511745530006,-3371.2313962111175,6102574.199526677,-1848264.5489865416,152111.42955050757,-7616.213615162776,15208.511745530006,-3371.2313962111175,-7750.991207435663,14763.50496458523,-3371.2313962111175,17011.88245503352,46.1997945852504,0.6615538173044497,0.851499106828069,2460636.9176156423,271.3655949580525,134.36135438571463,3.4081942963097087
2032-12-22 13:57:21.271,2463589.081496195,-16.708414135508256,1.376434524655015,0.012236057306002936,1488527.150668074,-5630017.770898553,2601503.1062559737,-7620.956679382512,15206.322177925857,-3370.401062761481,6107114.69571092,-1833199.840058049,152184.1996130431,-7620.956679382512,15206.322177925857,-3370.401062761481,-7754.635735626676,14760.984298738802,-3370.401062761481,17011.19149806196,46.321423532602466,0.6615469375381996,0.8515001179127419,2460636.91754463,271.3656101025902,134.36137606572635,3.408169945409125
2032-12-22 13:57:30.432,2463589.0816022265,-15.63834144170679,1.4681597609459267,0.013920851601343615,1608149.929913893,-5598442.345673585,2598447.3625332075,-7657.3094682116,15188.818268603949,-3367.0560115605645,6140044.209805525,-1718761.1017242617,162323.6507790978,-7657.3094682116,15188.818268603949,-3367.0560115605645,-7782.643519070126,14741.079131097667,-3367.0560115605645,17006.058340461892,47.22031159352508,0.66154767107725,0.8515000384526705,2460636.917555345,271.36561245709606,134.36137440291273,3.4081707288788063
2032-12-22 13:57:40.823,2463589.081722484,-14.411667483035243,1.5603821172032224,0.015724219271482934,1744475.5383540695,-5560240.71051311,2592519.995681023,-7698.818958726096,15168.826727957516,-3362.6548580443837,6175172.818456894,-1586855.3534577417,172517.65174217802,-7698.818958726096,15168.826727957516,-3362.6548580443837,-7814.5342895977765,14718.525971609102,-3362.6548580443837,17000.276487003397,48.25653124147919,0.6615468268495241,0.8515001270430413,2460636.917549069,271.36562142647114,134.3613689210244,3.4081695949265765
2032-12-22 13:57:44.522,2463589.0817652964,-13.89679390405819,1.5745353062040948,0.016010690480671868,1801156.521755661,-5544602.597088501,2587247.343271514,-7716.053112461144,15160.683093578642,-3359.930921235411,6189141.881961968,-1531290.236767182,174082.06827467168,-7716.053112461144,15160.683093578642,-3359.930921235411,-7827.716570647163,14709.363696935174,-3359.930921235411,16997.87230433775,48.698497438908255,0.661553094168986,0.851499229748099,2460636.9176220787,271.3656241126941,134.3613422825952,3.408192992326324
2032-12-22 13:57:47.348,2463589.0817980105,-13.571881793489586,1.6200021033549188,0.01694845706250597,1837045.445003511,-5532721.357626314,2587448.5507206703,-7727.078529250605,15155.175985466378,-3359.4629268960407,6197590.628058055,-1496135.8384268717,179107.6512901662,-7727.078529250605,15155.175985466378,-3359.4629268960407,-7836.178487980495,14703.240496469041,-3359.4629268960407,16996.380954476288,48.9685229596473,0.6615502757179736,0.8514996131699231,2460636.9175872654,271.36562144951694,134.3613522858879,3.408182180656068
2032-12-22 13:57:47.110,2463589.081795253,-13.476795522465498,1.6082619649277357,0.016703759258354153,1847075.5228551258,-5530507.651429299,2585039.404171712,-7730.093660005672,15153.857239061912,-3358.479431345951,6200100.35460089,-1485856.9216665726,177809.9884214648,-7730.093660005672,15153.857239061912,-3358.479431345951,-7838.444068216462,14701.738737897354,-3358.479431345951,16995.932202110107,49.05416349018477,0.661550262840052,0.8514996345363743,2460636.9175862125,271.36562068667166,134.36135375730927,3.408182349177435
2032-12-22 13:57:48.502,2463589.08181137,-13.326232183537885,1.624169583020509,0.017035746743020386,1863715.5029017765,-5525141.414321718,2584571.2346073156,-7735.197395188284,15151.345578608398,-3358.075454593169,6203935.563479789,-1469547.6665130795,179568.29008955648,-7735.197395188284,15151.345578608398,-3358.075454593169,-7842.358513617718,14698.947409568998,-3358.075454593169,16995.243827733942,49.180577373870214,0.661546233656098,0.8515001660706912,2460636.9175458527,271.365634424672,134.361357685741,3.408169145209604
2032-12-22 13:58:00.077,2463589.081945333,-12.180443771349909,1.7297241323644292,0.019321324665756978,1990311.2232154065,-5483526.742635003,2578803.460583713,-7774.070415860706,15132.280703086062,-3354.3827427291726,6231749.185391772,-1345125.5757414936,191235.10824138205,-7774.070415860706,15132.280703086062,-3354.3827427291726,-7872.158531278235,14677.854332512557,-3354.3827427291726,16990.060957299524,50.147054816195116,0.6615507041486104,0.8514995823395923,2460636.9175931145,271.36561690447934,134.36135895403442,3.4081834310033403
2032-12-22 13:57:59.374,2463589.0819371934,-12.13471276502014,1.7201458554981355,0.019107997534222314,1994840.8353377164,-5482616.222878243,2577239.023658925,-7775.425623853853,15131.71707453677,-3353.7819493244597,6232851.781332661,-1340157.8927779105,190176.4578814148,-7775.425623853853,15131.71707453677,-3353.7819493244597,-7873.151490074224,14677.21030138981,-3353.7819493244597,16989.846084661734,50.1895341768556,0.6615603657514566,0.8514981657004961,2460636.9176891786,271.365590223048,134.36133086480203,3.408218195222819
2032-12-22 13:58:13.205,2463589.08209728,-10.613179614870178,1.8665716370772147,0.022498386598315556,2160854.976063681,-5423417.9013677575,2568633.027568084,-7826.710896756942,15106.357720721273,-3348.9669644207474,6265744.211983688,-1174093.9943670235,206359.76631409302,-7826.710896756942,15106.357720721273,-3348.9669644207474,-7912.327191107019,14649.452393422756,-3348.9669644207474,16983.137423193417,51.47547833589123,0.6615546271556548,0.8514989613785784,2460636.9176363153,271.3656191100512,134.36133397099348,3.4081979444809716
2032-12-22 13:58:12.928,2463589.0820940705,-10.56449909794989,1.8514955304671947,0.022136542849993966,2165841.6365338326,-5422487.612887707,2566396.2446015286,-7828.198693846732,15105.769883592126,-3348.144016341537,6266792.3099246435,-1168779.8226254287,204693.57894675992,-7828.198693846732,15105.769883592126,-3348.144016341537,-7913.427472636523,14648.78812777745,-3348.144016341537,16982.914836133274,51.52164359983303,0.6615515837218238,0.85149942914644,2460636.917597334,271.3656084431872,134.36135607679066,3.4081843150667
2032-12-22 13:58:21.926,2463589.0821982226,-9.688715704990354,1.9481904969622035,0.024508205052704374,2261054.826494614,-5385690.207261837,2561757.9225520813,-7857.8191918724915,15090.950804272066,-3345.6868669833216,6283577.617055561,-1072797.9374652405,215379.91219625436,-7857.8191918724915,15090.950804272066,-3345.6868669833216,-7936.04886039379,14632.745044414298,-3345.6868669833216,16979.155446054832,52.26000359449095,0.6615494541522737,0.8514997581832725,2460636.917578396,271.365617365732,134.3613629348303,3.4081778000704364
2032-12-22 13:58:21.748,2463589.0821961616,-9.660737326022657,1.946256353936963,0.024459584473025302,2263889.5318960007,-5384798.6481134165,2561128.5202848827,-7858.688065310867,15090.551664368655,-3345.4463296010586,6284107.8471194785,-1069730.6568910081,215166.16427294537,-7858.688065310867,15090.551664368655,-3345.4463296010586,-7936.694064179005,14632.307239520313,-3345.4463296010586,16979.032332978637,52.28500460282107,0.6615488758501545,0.8514998170932492,2460636.917569714,271.3656156532785,134.36136268347957,3.408176969579752
2032-12-22 13:58:22.326,2463589.0822028476,-9.573087170310902,1.9478945714767273,0.024500762939993117,2273252.417741193,-5381462.564669802,2559846.812030034,-7861.584274571463,15089.158860111651,-3344.9263198736166,6285730.921525476,-1060115.0657804834,215347.20860213786,-7861.584274571463,15089.158860111651,-3344.9263198736166,-7938.889093395398,14630.796078797162,-3344.9263198736166,16978.65383421083,52.360978329598,0.6615504936858796,0.8514995247247084,2460636.917594475,271.36563617326823,134.36133532623865,3.408182410396638
2032-12-22 13:58:37.303,2463589.0823761895,-7.989447450124429,2.1107016258028604,0.0287656368864863,2443221.6532458407,-5311831.713310305,2548674.8308386784,-7914.812354284824,15062.453764399388,-3339.9331289398333,6312000.556657545,-885908.3720122037,233338.6378689343,-7914.812354284824,15062.453764399388,-3339.9331289398333,-7979.413819166932,14602.175370855617,-3339.9331289398333,16972.02768571052,53.70248810498956,0.6615519297139519,0.8514993618826306,2460636.917605822,271.3656277588261,134.36133747744324,3.4081903696981013
2032-12-22 13:58:39.238,2463589.082398589,-7.766832429367955,2.133206760942958,0.029382050522694176,2466879.4247681755,-5301728.337554527,2546922.4819761897,-7922.258278244579,15058.705144779315,-3339.2067975937525,6315304.295928611,-861364.9513199257,235825.48893675255,-7922.258278244579,15058.705144779315,-3339.2067975937525,-7985.07000845431,14598.185838740255,-3339.2067975937525,16971.112952879943,53.89150740898097,0.661547038850983,0.8515000748912269,2460636.9175522164,271.36563308618446,134.3613549656345,3.4081719652695166
2032-12-22 13:58:45.401,2463589.082469923,-7.1501811731736495,2.1830519834033075,0.030770538942150063,2532555.4197526444,-5273740.373805142,2540562.360255718,-7942.946036666394,15048.370119952462,-3336.720475320998,6324004.314186922,-793321.653568843,241333.3356438561,-7942.946036666394,15048.370119952462,-3336.720475320998,-8000.7959707705695,14587.216398502345,-3336.720475320998,16968.59811395923,54.417802209125874,0.661553067661774,0.8514991919128261,2460636.9176133214,271.36561041798075,134.36134479458423,3.4081916342814447
2032-12-22 13:58:49.572,2463589.0825181976,-6.67141557455625,2.239979791635228,0.032395472817293346,2583036.59936294,-5250782.656678201,2537288.9093376705,-7958.962008925709,15040.204642129402,-3335.4167297590975,6330172.827868802,-740422.9329421249,247623.5862228435,-7958.962008925709,15040.204642129402,-3335.4167297590975,-8012.954507034428,14578.601105514892,-3335.4167297590975,16966.67483293884,54.82295017832638,0.6615472648652301,0.8515001041630391,2460636.917547298,271.36559614919895,134.36139043074894,3.408168148185502
2032-12-22 13:59:07.180,2463589.0827219947,-5.014481835667541,2.4328958766291917,0.03821240814560901,2757511.5799439447,-5167828.634512603,2523947.0441266526,-8014.717083936444,15011.689127468904,-3330.539246274262,6348074.77238428,-557001.4071221475,268938.1108196208,-8014.717083936444,15011.689127468904,-3330.539246274262,-8055.334271874014,14548.780160319506,-3330.539246274262,16960.18590864816,56.22655862085553,0.6615503524483014,0.8514995763153037,2460636.9175895033,271.3656290409943,134.36134328844076,3.408182092316634
2032-12-22 13:59:11.493,2463589.0827719048,-4.485493680115212,2.4635052277839327,0.039179410340434706,2812183.4429342235,-5142048.738174743,2516265.2181936516,-8032.226001489861,15002.926288394889,-3327.9052626489097,6352803.532212501,-498358.12868060975,272319.7522313141,-8032.226001489861,15002.926288394889,-3327.9052626489097,-8068.566853620593,14539.672494600174,-3327.9052626489097,16958.148506212114,56.68278160380002,0.6615498449439937,0.8514996761207697,2460636.9175777407,271.3656146852583,134.3613567110172,3.4081803296743494
2032-12-22 13:59:14.914,2463589.0828115097,-4.100144342140342,2.513235773446788,0.04077619930369279,2851914.400808278,-5121600.647524432,2513249.4202742158,-8045.091399805215,14996.257951670897,-3326.912730450726,6355775.04306433,-455603.7139780091,277813.6939372758,-8045.091399805215,14996.257951670897,-3326.912730450726,-8078.314550481459,14532.787471862137,-3326.912730450726,16956.692660860153,57.009131284321064,0.6615518902320308,0.851499421371231,2460636.9176035677,271.36561381788056,134.36135480105835,3.408186976812764
2032-12-22 13:59:20.484,2463589.0828759735,-3.645007271206237,2.590613537402559,0.04332400112451543,2899252.310011302,-5095928.452991142,2511270.7611204395,-8060.535225854857,14988.103928876402,-3326.325130871777,6358815.976172347,-405077.8210342589,286361.53870666726,-8060.535225854857,14988.103928876402,-3326.325130871777,-8090.073969879397,14524.411700702243,-3326.325130871777,16955.007253489617,57.38997763986701,0.6615503606599469,0.8514996489115292,2460636.917579553,271.36559669995887,134.36137342231117,3.4081807579686587
2032-12-22 13:59:23.791,2463589.0829142425,-3.2553713275083367,2.6058175869754105,0.0438336788915226,2939106.524508443,-5076395.825985893,2504493.9301731,-8073.408097421685,14981.680135641393,-3324.090699463116,6361348.0428107735,-361821.80526223616,288041.05650635716,-8073.408097421685,14981.680135641393,-3324.090699463116,-8099.79256266061,14517.80326623436,-3324.090699463116,16953.5491922333,57.728009219014766,0.6615512867247287,0.8514994800009132,2460636.9175923313,271.36561800500357,134.36134698522605,3.4081876275666043
2032-12-22 13:59:27.490,2463589.0829570633,-2.9039095613650026,2.657957412570542,0.0456041258758926,2975147.761269973,-5056567.711149901,2502049.2345146867,-8085.221422818684,14975.475810050502,-3323.371548404552,6363185.182787948,-322780.3614070199,293800.5422167934,-8085.221422818684,14975.475810050502,-3323.371548404552,-8108.758940739084,14511.464974267861,-3323.371548404552,16952.267863243662,58.0243484207318,0.6615422905834374,0.8515007697083485,2460636.9174891086,271.36561038364067,134.36139048199138,3.4081527523256616
2032-12-22 13:59:43.092,2463589.0831376365,-1.3880470663246367,2.8468188878841754,0.0523098017796047,3129055.5208296357,-4970411.723587506,2486895.7429611804,-8135.9714395752,14948.988456520436,-3318.929590985752,6368501.208276492,-154313.44597846107,314660.62883703085,-8135.9714395752,14948.988456520436,-3318.929590985752,-8147.224154840292,14484.589970000134,-3318.929590985752,16946.855214409617,59.31180422603187,0.6615477730283379,0.8514999649838894,2460636.917559906,271.36563175735665,134.3613526572674,3.4081740037088184
2032-12-22 13:59:48.348,2463589.0831984696,-0.8782814080862846,2.8955418248534106,0.054114176253442836,3180304.546967172,-4941270.443789648,2479947.777804966,-8152.97771170257,14940.187419569089,-3316.888431410589,6369354.034151189,-97642.85390006541,320041.64024894754,-8152.97771170257,14940.187419569089,-3316.888431410589,-8160.097941735938,14475.726743997939,-3316.888431410589,16945.0763365659,59.74837166683625,0.661551885000338,0.8514993716382802,2460636.917601957,271.3656153997034,134.36134779844113,3.408187348196057
2032-12-22 14:00:01.138,2463589.0833465005,0.219374727995667,3.0613439522240435,0.06048297592393539,3290123.572490344,-4873763.068864562,2470253.431752352,-8189.950406391644,14920.510972714756,-3314.4857385434057,6369109.458336734,24386.23742573778,338351.31138919084,-8189.950406391644,14920.510972714756,-3314.4857385434057,-8188.172133705172,14456.068131895356,-3314.4857385434057,16941.366073495785,60.67543755818683,0.6615518054927572,0.851499417358249,2460636.9176011584,271.36560634489643,134.36136028876655,3.408186717661592
2032-12-22 14:00:00.744,2463589.083341948,0.2271850031255299,3.0442345085843456,0.059809421141607894,3290756.2424493823,-4874269.172454787,2468411.428025386,-8190.091497561833,14920.5718987551,-3313.849714588855,6369206.158551314,25254.839303594432,336462.02420591307,-8190.091497561833,14920.5718987551,-3313.849714588855,-8188.249885420085,14456.122006444019,-3313.849714588855,16941.32520147576,60.68615274290217,0.66155146248476,0.8514994358730809,2460636.9175968417,271.3656232910703,134.3613414102754,3.4081870501776397
2032-12-22 14:00:02.216,2463589.083358979,0.3266187374340131,3.0645483753860363,0.060609543974361864,3300746.3988328716,-4867726.002224777,2467984.6775508174,-8193.49593888743,14918.715809213789,-3313.8025812494257,6369033.849316573,36307.53165585082,338705.1522692733,-8193.49593888743,14918.715809213789,-3313.8025812494257,-8190.848351613936,14454.278481891737,-3313.8025812494257,16940.999105681774,60.768908819012836,0.6615569772541806,0.8514986752375082,2460636.9176610415,271.36561556228935,134.3613304971392,3.40820609777923
2032-12-22 14:00:24.436,2463589.083616162,2.370431969262445,3.3384750310459004,0.0719165585744093,3500733.244469903,-4738317.042313694,2444146.0570824803,-8261.936438689625,14882.278800558786,-3307.9337124531457,6362008.381761489,263358.28352886083,368948.9878862386,-8261.936438689625,14882.278800558786,-3307.9337124531457,-8242.732047533282,14418.353778470413,-3307.9337124531457,16934.402343588874,62.505886283308364,0.6615544284536571,0.8514990065159693,2460636.917629241,271.36561603029367,134.36133489948813,3.4081975352904066
2032-12-22 14:00:26.042,2463589.08363474,2.562201384577681,3.3711352337971014,0.07332896548910035,3519034.8817819534,-4725594.024687108,2442495.8967032842,-8268.31294408874,14878.808939320554,-3307.624411250502,6360881.562293669,284641.0748290357,372554.4252342258,-8268.31294408874,14878.808939320554,-3307.624411250502,-8247.556587132989,14414.966086213282,-3307.624411250502,16933.806901300723,62.667793564124864,0.6615382721812326,0.8515013947161657,2460636.917451608,271.3656246605308,134.36140427335937,3.40813898944404
2032-12-22 14:00:41.520,2463589.083813891,3.940012999261334,3.5556525506636327,0.08156557061090716,3650883.3647452025,-4633947.846300449,2424501.9293791396,-8314.467472207216,14854.025786931754,-3303.469437739138,6350976.7794581,437422.24579086696,392921.5143515114,-8314.467472207216,14854.025786931754,-3303.469437739138,-8282.570135255848,14390.905202064327,-3303.469437739138,16929.619927993383,63.840230253180735,0.6615556436067156,0.85149883958391,2460636.9176420867,271.36560623778945,134.36133961756218,3.4082010838200394
2032-12-22 14:00:45.010,2463589.0838542813,4.210929624880698,3.5990939219246374,0.08356823707207506,3676671.7486526794,-4615106.1335345805,2421468.938400767,-8323.620647363538,14849.03980842811,-3302.871984175817,6348540.555129995,467425.2583896776,397716.02740908996,-8323.620647363538,14849.03980842811,-3302.871984175817,-8289.535455972598,14386.096875861247,-3302.871984175817,16928.82585241354,64.06918355653958,0.6615587775175044,0.8514984117970659,2460636.917682901,271.36561871142317,134.3613210872429,3.4082131428763964
2032-12-22 14:00:45.515,2463589.08386013,4.315828122172028,3.606436344748969,0.08390911629821049,3686345.7318614665,-4608451.846465517,2419433.469795009,-8327.023446715664,14847.250183164717,-3302.336478101053,6347623.605817415,479043.7160338272,398526.3702279038,-8327.023446715664,14847.250183164717,-3302.336478101053,-8292.091023932411,14384.374115604087,-3302.336478101053,16928.50904425544,64.16022480290185,0.6615378973064873,0.8515014690740932,2460636.917447392,271.3656182584891,134.36141439157905,3.408137000172029
2032-12-22 14:00:45.077,2463589.083855055,4.320756960436625,3.6059436532991063,0.08388622097830029,3686628.063409338,-4608293.635918547,2419304.626954682,-8327.119886231945,14847.204116586343,-3302.2965850851187,6347585.767151422,479590.0215833769,398471.99477923964,-8327.119886231945,14847.204116586343,-3302.2965850851187,-8292.14762621508,14384.330808265076,-3302.2965850851187,16928.492188981658,64.16490650017934,0.6615546029311956,0.8514989562904115,2460636.917637275,271.365628465102,134.36132496416283,3.4081983553363364
2032-12-22 14:00:55.942,2463589.083980809,5.231857934813623,3.7364712075808546,0.09006059730858314,3772260.366357033,-4544886.576729807,2407216.0941307535,-8357.731850616758,14830.58926373924,-3299.7324518623077,6338243.043450476,580378.8998609895,412876.5499720257,-8357.731850616758,14830.58926373924,-3299.7324518623077,-8315.409948823995,14368.397237654532,-3299.7324518623077,16925.87120504917,64.93885950915241,0.6615488661664815,0.8514997572043365,2460636.9175709025,271.36563448035804,134.36133926610665,3.408180227645359
2032-12-22 14:00:58.747,2463589.0840132753,5.420133579856982,3.77284299040827,0.0918199942570621,3789991.9350037626,-4531014.51798704,2405514.5314809685,-8364.159306992899,14827.022615955215,-3299.504353408881,6336041.231177678,601178.6727021637,416890.04674314824,-8364.159306992899,14827.022615955215,-3299.504353408881,-8320.320661666376,14364.991148572411,-3299.504353408881,16925.348905995415,65.09663003021844,0.6615439618747837,0.8515005978548197,2460636.91751403,271.3656112001315,134.36139444525736,3.4081588898032082
2032-12-22 14:01:00.115,2463589.084029114,5.531949386015706,3.791826540171049,0.09274500849255143,3800399.030841484,-4522952.872209521,2404266.2317055794,-8367.930581100974,14824.944845235072,-3299.2853728039363,6334719.020007802,613529.3861330493,418984.74992722436,-8367.930581100974,14824.944845235072,-3299.2853728039363,-8323.191307441792,14363.009795022663,-3299.2853728039363,16925.036126501756,65.19101654606571,0.6615545422172655,0.8514990042283337,2460636.9176329165,271.36561786670717,134.3613360757777,3.4081990939333555
2032-12-22 14:01:46.741,2463589.084568758,9.510259245361818,4.397841962715597,0.12469797652815989,4159002.4823775184,-4227452.522228912,2347759.594730058,-8501.550291934189,14751.183407384326,-3288.6808845770197,6272200.742554795,1050761.0071992392,485829.95133453864,-8501.550291934189,14751.183407384326,-3288.6808845770197,-8424.927581899416,14293.807262396163,-3288.6808845770197,16914.72000286618,68.56766099501783,0.6615486131091672,0.8514998470458385,2460636.917567698,271.36562865597233,134.36135092154518,3.4081767169583674
2032-12-22 14:02:16.531,2463589.0849135537,12.008949447112077,4.8146522008143,0.1493980208582931,4372515.701009838,-4027799.67551915,2310534.0960650817,-8585.689694480176,14703.743107741868,-3282.796732555117,6216831.217743031,1322443.2266260441,531775.4349493769,-8585.689694480176,14703.743107741868,-3282.796732555117,-8489.255602239442,14250.404572652957,-3282.796732555117,16909.117231591856,70.68249726628838,0.6615509091461043,0.8514994978976967,2460636.9175908077,271.3656142118994,134.36135190975557,3.408183864994635
2032-12-22 14:02:24.085,2463589.0850009895,12.70140829122668,4.931698820882178,0.1567324869889019,4429756.654575285,-3971012.073725687,2299771.876152026,-8608.93551023691,14690.521684370882,-3281.1843265190255,6199329.422967771,1397239.3383857151,544672.8628842735,-8608.93551023691,14690.521684370882,-3281.1843265190255,-8507.047198869444,14238.459400434198,-3281.1843265190255,16907.68312709342,71.26865662632248,0.6615578847712957,0.8514985461386688,2460636.917673534,271.36561887509134,134.36132563456633,3.40821003034595
2032-12-22 14:02:30.136,2463589.085071016,13.188649169882646,5.002719604810893,0.16126789066402006,4469901.925055597,-3931002.2001555627,2290814.2817621413,-8625.355512006601,14681.252891949987,-3279.6133545900557,6186565.64857161,1449752.8918132405,552497.6193268846,-8625.355512006601,14681.252891949987,-3279.6133545900557,-8519.637851482092,14230.121357230113,-3279.6133545900557,16906.698279602333,71.68304504893167,0.661549529697017,0.8514997646778992,2460636.9175782353,271.36561712903415,134.36136330572188,3.408178699630864
2032-12-22 14:02:43.292,2463589.08522329,14.305619862357894,5.199834533974082,0.1741919640873192,4560057.427421783,-3836537.482842379,2273210.9431660506,-8663.030396316683,14659.615334286658,-3277.1928172499397,6155263.574961168,1569599.9936532849,574210.5654277394,-8663.030396316683,14659.615334286658,-3277.1928172499397,-8548.573346273643,14210.766383040389,-3277.1928172499397,16904.55501370579,72.62625363699973,0.6615529588217864,0.8514992493354272,2460636.9176200745,271.3656221429185,134.361344719296,3.4081921198513707
2032-12-22 14:02:57.097,2463589.0853830674,15.378735180890882,5.394397136508855,0.18743307234273276,4645105.359828417,-3743564.782425618,2255958.888509485,-8699.4225604087,14638.573670158685,-3274.9568783442305,6122885.526486349,1684079.0415929954,595635.9643105774,-8699.4225604087,14638.573670158685,-3274.9568783442305,-8576.617565556859,14192.085763719731,-3274.9568783442305,16902.63321928299,73.53059161500086,0.6615584717789244,0.851498445814527,2460636.917680513,271.3656220070742,134.3613194225722,3.4082142286222044
2032-12-22 14:03:04.958,2463589.0854740567,15.954859885245568,5.489946369665461,0.19411176235193228,4690183.65905856,-3693319.765381105,2245483.9001236088,-8719.006082531574,14627.28345267551,-3273.4048159167055,6104685.254915281,1745286.5113143276,606155.5267530063,-8719.006082531574,14627.28345267551,-3273.4048159167055,-8591.737768073954,14182.122731125974,-3273.4048159167055,16901.649094834953,74.01758856385439,0.6615508543914492,0.8514995623269302,2460636.9175874856,271.3656002243675,134.36136814592848,3.4081823097958397
2032-12-22 14:03:13.074,2463589.085567985,16.60039744263893,5.622682639314826,0.2035819777005454,4739620.996383286,-3635425.2598980316,2236136.753668485,-8740.948269670207,14614.379863589964,-3272.580784666479,6083281.479801307,1813550.9209562615,620766.5304880021,-8740.948269670207,14614.379863589964,-3272.580784666479,-8608.702035371774,14170.779930119706,-3272.580784666479,16900.607668183588,74.55821910216186,0.6615506568841737,0.8514995823918194,2460636.9175927164,271.3656160997489,134.3613593736732,3.4081830335986365
2032-12-22 14:03:35.994,2463589.085833265,18.354227959750702,5.941046252413244,0.22720592429094938,4870923.168251671,-3477271.7115728986,2205293.749969151,-8800.607651047272,14579.437244403349,-3268.72905486757,6021583.295759198,1997772.7651982252,655797.3632419019,-8800.607651047272,14579.437244403349,-3268.72905486757,-8654.927746431125,14140.336413995672,-3268.72905486757,16897.972595286417,76.03448366141302,0.6615506106842453,0.8514995586051184,2460636.9175885036,271.36560902519733,134.36136073046742,3.408180640329289
2032-12-22 14:03:37.494,2463589.0858506276,18.49397839025122,5.960754925309223,0.22871056334682524,4881107.725701059,-3464894.198361146,2202255.0158947804,-8805.301529188537,14576.716884985077,-3268.226280048243,6016479.728819262,2012382.8783566756,657965.3595538463,-8805.301529188537,14576.716884985077,-3268.226280048243,-8658.556238193903,14137.988212591546,-3268.226280048243,16897.76937488916,76.15340354251339,0.6615492334801044,0.8514997920188132,2460636.917575945,271.3656197838832,134.36136143470452,3.4081787470633667
2032-12-22 14:03:44.850,2463589.0859357645,19.028437128649752,6.07100909721709,0.2372184024854322,4919924.309373921,-3415046.5220515397,2193725.970358242,-8823.597734247242,14565.828646818018,-3267.484564515419,5996246.552340561,2068002.7464602983,670092.1689928737,-8823.597734247242,14565.828646818018,-3267.484564515419,-8672.796578030471,14128.575401095051,-3267.484564515419,16897.05591893664,76.6000352867752,0.6615433081584992,0.8515006702662858,2460636.917512577,271.365628072484,134.36138346257326,3.4081572981279384
2032-12-22 14:03:54.822,2463589.086051186,19.88660740248169,6.219992381026869,0.24895882030528566,4980903.998509557,-3336300.1128452956,2177229.548171018,-8852.661321523712,14548.682080254048,-3265.335721542919,5962953.11662241,2156982.5723150186,686474.9831285754,-8852.661321523712,14548.682080254048,-3265.335721542919,-8695.371653315444,14113.856630436729,-3265.335721542919,16895.941955043192,77.32361056175174,0.661545365089184,0.8515003560693644,2460636.9175312617,271.36562057770874,134.36137669169426,3.4081648432058405
2032-12-22 14:03:58.087,2463589.0860889736,20.143658925386625,6.2715897726490075,0.2530902193311887,4998933.642338159,-3312097.198939573,2172856.685344294,-8861.433812592808,14543.442206260775,-3264.9268608552147,5952637.0863059135,2183500.5651441882,692147.8104563013,-8861.433812592808,14543.442206260775,-3264.9268608552147,-8702.210421624244,14109.369013326073,-3264.9268608552147,16895.6357555188,77.53867171830473,0.6615519652187509,0.8514993618292067,2460636.9176041656,271.36561629498266,134.3613478610429,3.408188076678847
2032-12-22 14:04:07.225,2463589.0861947373,20.813860189844984,6.4159147653526265,0.26482467370452195,5045463.441966164,-3247919.9265453154,2162162.4354571095,-8884.429389495639,14529.587425613889,-3264.1814758168234,5925051.940721918,2252356.3735877057,708012.610675307,-8884.429389495639,14529.587425613889,-3264.1814758168234,-8720.184953200469,14097.525773454747,-3264.1814758168234,16894.873164907465,78.09681257995994,0.6615459005105959,0.8515002759238273,2460636.917526901,271.3655974027455,134.36138865732704,3.408165242565035
2032-12-22 14:04:08.028,2463589.08620403,20.884059284915544,6.414792445634517,0.2647324093516767,5050399.395553322,-3242039.991337945,2159461.560373116,-8886.764120194544,14528.309277375674,-3263.5234695038234,5922300.767068026,2259618.997693431,707889.2571705016,-8886.764120194544,14528.309277375674,-3263.5234695038234,-8721.99008493526,14096.448243986826,-3263.5234695038234,16894.77876662226,78.15874981217645,0.6615523945415868,0.8514993438248699,2460636.9176085447,271.36561079682417,134.36135461125602,3.4081884518414296
2032-12-22 14:04:10.519,2463589.086232859,21.106740732464026,6.453337519694223,0.2679102367496361,5065587.246482081,-3221241.189664356,2155008.7324780966,-8894.305136466544,14523.823045707824,-3262.952064554363,5913031.300496372,2282448.158640652,712125.5740647607,-8894.305136466544,14523.823045707824,-3262.952064554363,-8727.866372341598,14092.637952560792,-3262.952064554363,16894.524321536483,78.34636938790877,0.6615498951375925,0.8514997158629701,2460636.917582936,271.36561898628406,134.36136070773793,3.40818026237376
2032-12-22 14:04:14.418,2463589.0862779906,21.39392233851391,6.512387196388522,0.27281486240574915,5085143.425485026,-3193628.944658592,2150042.347688593,-8904.159298448463,14517.889109618956,-3262.525560309625,5900834.85062075,2311789.856490876,718614.859221892,-8904.159298448463,14517.889109618956,-3262.525560309625,-8735.580903721599,14087.593395727406,-3262.525560309625,16894.221924684236,78.58597139827957,0.6615538311746412,0.8514991173201328,2460636.917624283,271.36561438226397,134.36134322197776,3.4081951866564184
2032-12-22 14:04:17.601,2463589.086314826,21.584707299972877,6.5584589762210355,0.276672054029614,5098147.011086087,-3174684.816415125,2147301.786090223,-8910.808685541142,14513.827945686566,-3262.4672563100953,5892568.597993609,2331213.824015078,723677.424982734,-8910.808685541142,14513.827945686566,-3262.4672563100953,-8740.813872598208,14084.135016513696,-3262.4672563100953,16894.03382609636,78.74337132488435,0.6615494653323789,0.8514996961980186,2460636.917572639,271.36561300286706,134.36135652426248,3.4081784674628715
2032-12-22 14:04:32.892,2463589.08649181,22.812853743177097,6.7840300274589485,0.29594272636816954,5179513.695808257,-3057109.1669882415,2123052.756485381,-8952.71909367654,14488.664638673536,-3259.6869897338006,5838594.9349786,2455860.7451883303,748457.5981672404,-8952.71909367654,14488.664638673536,-3259.6869897338006,-8773.634882828328,14062.90753154048,-3259.6869897338006,16892.826778514,79.77355511632416,0.6615513604483266,0.8514994450689645,2460636.9175939662,271.36561852190533,134.36134402255803,3.4081871889863584
2032-12-22 14:04:58.184,2463589.0867845374,24.692607101619917,7.182663922113317,0.331561112277107,5298521.642440059,-2870604.5652256873,2089480.6592712752,-9017.44064084495,14449.066957097888,-3257.2307281876483,5750057.93816752,2643832.3215901963,792222.1618969378,-9017.44064084495,14449.066957097888,-3257.2307281876483,-8824.649324865562,14029.766070349417,-3257.2307281876483,16891.368319713707,81.33540364346628,0.6615582475164272,0.8514984817551895,2460636.917669422,271.3655985693136,134.36133632243667,3.4082102243256616
2032-12-22 14:05:06.560,2463589.086881481,25.355672013180488,7.309676078501594,0.3433282347629479,5338901.483380094,-2804810.8561786297,2076005.4437773835,-9040.199939517875,14435.162420569417,-3255.871959068222,5717486.808948945,2709443.5396613316,806158.7223687952,-9040.199939517875,14435.162420569417,-3255.871959068222,-8842.624177500951,14018.236658299797,-3255.871959068222,16890.934360374245,81.8886937234427,0.6615549609468842,0.851498945760371,2460636.917630673,271.36560046541314,134.3613458459117,3.408198770668527
2032-12-22 14:05:20.648,2463589.0870445347,26.434468658424425,7.509264418305843,0.36222691712056904,5402993.003348849,-2697011.1421367233,2052907.473736391,-9077.318516163838,14412.44073655478,-3253.3604691164423,5662929.22062958,2815350.0044172853,828051.0766469829,-9077.318516163838,14412.44073655478,-3253.3604691164423,-8872.019932035886,13999.493376834691,-3253.3604691164423,16890.319914805936,82.78922458404072,0.6615472030827334,0.8515000518050424,2460636.9175518444,271.3656297170446,134.3613555962534,3.408172194771961
2032-12-22 14:05:26.624,2463589.087113699,26.853897803106822,7.616708543833665,0.37260667443634876,5427060.912029992,-2653102.7358135507,2046628.2811257779,-9091.930321124179,14403.210901418426,-3253.462423283857,5640781.937218498,2856027.3641631454,839832.3777217972,-9091.930321124179,14403.210901418426,-3253.462423283857,-8883.665496795618,13991.878547264056,-3253.462423283857,16890.150848351386,83.13218062117313,0.661548336697413,0.8514998891567006,2460636.9175667386,271.36562338455514,134.36135953679647,3.40817413534467
2032-12-22 14:05:34.405,2463589.08720376,27.444831754031206,7.732099459363193,0.38391454208521897,5460662.42331167,-2593001.6159940516,2034241.9002795995,-9112.33603597898,14390.584747586046,-3252.2964471099563,5609523.550276009,2913271.6594607136,852481.8871101335,-9112.33603597898,14390.584747586046,-3252.2964471099563,-8899.896891315273,13981.531791222838,-3252.2964471099563,16889.903140187103,83.62323276991208,0.66154227159038,0.85150077559106,2460636.9174969746,271.36562537926454,134.36138286465234,3.4081520742125333
2032-12-22 14:06:07.032,2463589.0875813924,29.889126822414784,8.237698722916882,0.4354154357658776,5592020.77623778,-2339412.316481344,1984208.9714517004,-9197.130580232257,14337.458892465898,-3248.468545968803,5473483.783322094,3146010.745864782,907867.4194960301,-9197.130580232257,14337.458892465898,-3248.468545968803,-8967.71983174131,13938.326113521807,-3248.468545968803,16889.330410695355,85.64301586208398,0.6615511352445097,0.8514995466152568,2460636.91759429,271.3656071813515,134.36136612149386,3.4081843579999482
2032-12-22 14:06:31.943,2463589.087869713,31.71799157688081,8.63282016742486,0.4778705926129707,5682261.917585564,-2145290.3495913534,1946859.1132067111,-9260.972029750876,14296.863829530335,-3246.2058245591134,5364875.306078936,3315742.2061535916,951103.6554052045,-9260.972029750876,14296.863829530335,-3246.2058245591134,-9019.184266528337,13905.650906578334,-3246.2058245591134,16889.365418055724,87.14435313834696,0.6615512213648383,0.8514994857282143,2460636.9175954903,271.36562606158026,134.36134185927773,3.4081883081731004
2032-12-22 14:06:33.232,2463589.0878846277,31.820811133809315,8.645417394042253,0.47925590567468784,5687248.327017675,-2134821.249778088,1943804.591284725,-9264.518154056545,14294.675072573007,-3245.7179956576506,5358739.764431281,3325254.712284425,952481.4047015327,-9264.518154056545,14294.675072573007,-3245.7179956576506,-9022.036727865952,13903.909560426464,-3245.7179956576506,16889.361535914155,87.23090428369555,0.6615498822500492,0.8514996932898702,2460636.9175849874,271.36562298939765,134.3613562835278,3.4081813307640227
2032-12-22 14:06:38.129,2463589.087941306,32.30103285399273,8.7371904832428,0.48940729238144665,5709556.256106299,-2084594.78114973,1932889.947081762,-9281.065036990896,14284.16819870848,-3244.730541539446,5329393.360690436,3369237.0945963515,962517.2196868262,-9281.065036990896,14284.16819870848,-3244.730541539446,-9035.376364525047,13895.54266032285,-3244.730541539446,16889.417046205854,87.62776997940702,0.6615521120601124,0.8514993696402169,2460636.9176040296,271.365619590111,134.36134480903382,3.4081908505575007
2032-12-22 14:06:55.421,2463589.088141442,33.578672616230214,9.017451991844517,0.521050903964831,5766891.126382611,-1946699.362590318,1906294.8142690165,-9325.87069278111,14255.305519189877,-3243.3237873788025,5248984.4508183,3484601.305028418,993150.3264012735,-9325.87069278111,14255.305519189877,-3243.3237873788025,-9071.769528431985,13872.543491672212,-3243.3237873788025,16889.748799052675,88.67105539222892,0.6615428592102608,0.8515007215455881,2460636.9175059777,271.36562585362935,134.36138507787035,3.4081553111012504
2032-12-22 14:06:58.733,2463589.0881797783,33.78799709334345,9.063582034402744,0.5263520065375066,5776043.558024595,-1923799.1138982992,1901827.9038692538,-9333.287585172757,14250.506979099884,-3243.0849369942457,5235556.803196391,3503311.6852297564,998190.256116364,-9333.287585172757,14250.506979099884,-3243.0849369942457,-9077.822038221893,13868.724111203801,-3243.0849369942457,16889.818274299807,88.84140338476429,0.6615588416755885,0.8514983931710111,2460636.9176792866,271.3656086977968,134.36132580759755,3.4082126207920536
2032-12-22 14:07:42.803,2463589.088689852,37.142569776772696,9.79538965012189,0.6139391046315251,5908552.019549172,-1556725.6233861542,1829275.801114581,-9451.434836768465,14173.331009644311,-3239.4130907843955,5011087.249308498,3795711.534860712,1078058.4931774994,-9451.434836768465,14173.331009644311,-3239.4130907843955,-9174.647154014141,13807.91672168348,-3239.4130907843955,16891.61069188937,91.5656535779099,0.6615477900255419,0.8514999836721927,2460636.9175620144,271.36562635114836,134.3613613447331,3.4081725218328818
2032-12-22 14:08:33.385,2463589.089275284,40.9737589058194,10.636527276260763,0.7226712017282114,6030377.691423793,-1129435.0701006271,1743431.361417489,-9587.671910799701,14082.435958183885,-3235.7735263156624,4733891.591271852,4111304.262758199,1169649.2003506457,-9587.671910799701,14082.435958183885,-3235.7735263156624,-9287.870840687934,13737.235098760199,-3235.7735263156624,16895.159165438945,94.64440973545138,0.6615546489528606,0.8514989295369,2460636.917629208,271.36561935811517,134.36132432962074,3.408199543873616
2032-12-22 14:08:44.787,2463589.0894072554,41.727852233881606,10.806954577840518,0.7457445815522951,6050687.22281747,-1043727.0543479223,1726397.856354269,-9614.87313132684,14064.015513214563,-3235.2628684642027,4676771.793405683,4170931.5900221462,1188177.95574961,-9614.87313132684,14064.015513214563,-3235.2628684642027,-9310.723967428008,13722.979895629085,-3235.2628684642027,16896.055274576418,95.2439703870136,0.6615501631136437,0.8514996229468956,2460636.9175793272,271.36560368517866,134.36136454126915,3.408180066499985
2032-12-22 14:08:48.629,2463589.0894517247,42.06198243488212,10.883568249777248,0.7562308774271055,6059119.203708488,-1006116.8410857596,1719137.856049836,-9626.779433289033,14055.90240018369,-3235.1364273391005,4651192.5872162925,4197072.447722582,1196504.064331234,-9626.779433289033,14055.90240018369,-3235.1364273391005,-9320.724047760432,13716.732047949077,-3235.1364273391005,16896.47130477927,95.50944101167079,0.6615484694234058,0.8514999104075835,2460636.9175651036,271.3656157933012,134.36136712234295,3.408175696591589
2032-12-22 14:09:15.875,2463589.089767076,44.17126644684673,11.351080786023367,0.8217465900941676,6107389.712055492,-767377.5317615947,1670794.4875403452,-9702.57931938794,14004.050683126306,-3233.6944665737183,4486458.328106386,4358514.5753902225,1247266.5942150578,-9702.57931938794,14004.050683126306,-3233.6944665737183,-9384.75138686633,13676.892943923667,-3233.6944665737183,16899.34138053871,97.18079479862776,0.6615443540410855,0.8515004968971326,2460636.9175200416,271.3656158733917,134.36138565867424,3.4081584257276023
2032-12-22 14:09:24.835,2463589.089870771,44.88718092893014,11.503608225676448,0.8436868438371736,6121659.509170741,-686452.3658996376,1653692.714472442,-9728.364284711439,13986.321291679482,-3233.0153892147678,4429296.145498101,4411887.264824796,1263810.907027412,-9728.364284711439,13986.321291679482,-3233.0153892147678,-9406.644353839774,13663.331885059553,-3233.0153892147678,16900.41374368717,97.74696332368073,0.6615508968711551,0.8514995659444442,2460636.917595411,271.3656176143435,134.361358653241,3.4081830213061806
2032-12-22 14:10:43.225,2463589.090778065,50.997080041521116,12.863366244862199,1.0514593189592483,6196516.901582985,11460.411229715814,1511184.4818353113,-9951.24032990118,13829.203618285135,-3231.012714016121,3914698.7713135784,4833746.670363573,1410906.8882793232,-9951.24032990118,13829.203618285135,-3231.012714016121,-9598.757922420113,13543.739248392536,-3231.012714016121,16911.784933584186,102.49221668209609,0.6615459011653517,0.8515002256449514,2460636.91753194,271.36561407191044,134.361371441781,3.4081656628119865
2032-12-22 14:11:01.252,2463589.090986713,52.41589397539165,13.165674508228284,1.1006003908677786,6202448.093674078,173211.04744196413,1476572.7781223166,-10003.603046285723,13791.537818478751,-3230.41198176972,3789247.5497369873,4923262.80347828,1443508.9073048416,-10003.603046285723,13791.537818478751,-3230.41198176972,-9644.593018666405,13515.221497008688,-3230.41198176972,16914.932698088865,103.57903189920785,0.661542149790924,0.8515007905323182,2460636.9174937927,271.3656215527726,134.36138542338423,3.408152561087551
2032-12-22 14:11:01.867,2463589.0909938356,52.484983022418064,13.184713081672951,1.1037307374451646,6202509.619035227,181169.1795048939,1475358.852937815,-10006.126763690321,13789.660312988462,-3230.5895222378963,3783017.6218286576,4927449.969999047,1445560.8105020113,-10006.126763690321,13789.660312988462,-3230.5895222378963,-9646.811403037143,13513.798285079338,-3230.5895222378963,16915.094531121427,103.63047212505543,0.6615430441669017,0.8515006773055096,2460636.917501273,271.36561802245967,134.3613848293146,3.408156737207328
2032-12-22 14:11:06.888,2463589.0910519413,52.889173642436425,13.27720415356134,1.118998076727042,6203168.881934967,227468.4886950652,1466146.4795897764,-10021.086662642474,13778.760509961736,-3230.745762579356,3746758.9561345093,4952158.137729759,1455526.9472983947,-10021.086662642474,13778.760509961736,-3230.745762579356,-9659.969553772005,13505.542505963564,-3230.745762579356,16916.039972245726,103.93648446641984,0.661550723259944,0.8514995775515125,2460636.9175910824,271.3656171321624,134.36135651216017,3.408184578669782
2032-12-22 14:11:11.717,2463589.0911078383,53.20301620513251,13.352771570446196,1.1315454497709805,6203362.089755962,263961.59873245837,1459196.5763878927,-10032.862288530985,13770.134704334763,-3231.012473127559,3718430.8379339455,4971074.6486818185,1463666.8102760923,-10032.862288530985,13770.134704334763,-3231.012473127559,-9670.365765765617,13498.982419536143,-3231.012473127559,16916.794672991196,104.17187486808683,0.6615543311695048,0.8514990095070502,2460636.9176307623,271.36562057949703,134.36133210858216,3.4081972415437716
2032-12-22 14:13:07.070,2463589.0924429423,62.97286974481046,15.451877963147712,1.506184742449056,6108350.034565116,1364211.7793168207,1227850.8326220147,-10400.676251982515,13493.53360356939,-3235.4614813775497,2794867.427815788,5478821.191728566,1688746.8729117815,-10400.676251982515,13493.53360356939,-3235.4614813775497,-10001.154263033615,13289.728632657907,-3235.4614813775497,16944.267016314418,111.3789301348147,0.6615341139504683,0.8515020093171154,2460636.9174056416,271.36562162863066,134.36142734646876,3.40812230937992
2032-12-22 14:14:04.317,2463589.0931055183,68.28582127498974,16.515231281254323,1.7148018966127432,5974813.4878627295,1941388.0927299375,1101475.215077046,-10605.777274232585,13331.729434584928,-3240.6232646558556,2263628.505932779,5684152.370414519,1801951.5553445213,-10605.777274232585,13331.729434584928,-3240.6232646558556,-10191.28229784148,13166.663021339496,-3240.6232646558556,16962.455280272217,115.12277603335957,0.6615494549424308,0.8514998143248975,2460636.9175816723,271.3656212179261,134.36136683262018,3.408178855658613
2032-12-22 14:14:56.487,2463589.0937093426,73.31021722721245,17.474815972428708,1.9136262164606381,5798096.613741867,2468563.311724708,984328.4129246878,-10803.628607301385,13170.006045192853,-3248.5361038689916,1748250.7655461282,5831000.895087481,1903596.4417453036,-10803.628607301385,13170.006045192853,-3248.5361038689916,-10378.425266355487,13042.521573882326,-3248.5361038689916,16981.521334458,118.52508820905287,0.6615501908616293,0.8514996365228517,2460636.917585495,271.36560949131604,134.3613650839403,3.408180148959843
2032-12-22 14:15:22.542,2463589.094010902,76.01654820236168,17.964152172588644,2.018801967021144,5683937.767272453,2742849.7808538806,922094.4247812519,-10911.653858761863,13079.333703854802,-3253.888190137037,1467019.4250722926,5891141.52094327,1955233.2795469128,-10911.653858761863,13079.333703854802,-3253.888190137037,-10482.064993700886,12972.356947720396,-3253.888190137037,16992.45478632068,120.30102873293129,0.6615393584580359,0.8515012137111135,2460636.917466267,271.36562931372885,134.36139513093303,3.408143463233044
2032-12-22 14:15:24.407,2463589.0940324855,76.19700338380336,17.998478354379305,2.026274745948849,5675766.526780215,2761021.1482120105,918187.4227935587,-10918.916170727181,13073.142960199459,-3254.4121095010787,1448179.5946544404,5894600.287983697,1958850.401969992,-10918.916170727181,13073.142960199459,-3254.4121095010787,-10489.07508836636,12967.540026326558,-3254.4121095010787,16993.204192330428,120.41656958259432,0.6615463765383197,0.8515001894336693,2460636.917544819,271.36562845754895,134.36136454297554,3.408168316230042
2032-12-22 14:17:02.741,2463589.0951706152,87.93389984473163,19.849079000916863,2.447192895094925,5037874.151932899,3855988.6121981665,657120.5693428158,-11400.940411642667,12646.363464276095,-3287.9038779407047,216452.76021274502,5999928.700413074,2152820.3323372724,-11400.940411642667,12646.363464276095,-3287.9038779407047,-10963.418659416193,12630.579478223724,-3287.9038779407047,17045.18696195319,127.59892113707406,0.6615506087302442,0.8514995357800563,2460636.917585812,271.3656097106732,134.36135584456548,3.4081822800162533
